{
    "AWS CloudFormation": 0.9911547911547911, 
    "AWS CloudHSM": 0.999017199017199, 
    "AWS CloudTrail": 0.9985257985257985, 
    "AWS CodeCommit": 0.9995085995085995, 
    "AWS CodeDeploy": 0.999017199017199, 
    "AWS CodePipeline": 0.9995085995085995, 
    "AWS Config": 0.9985257985257985, 
    "AWS Data Pipeline": 0.999017199017199, 
    "AWS Direct Connect": 0.9995085995085995, 
    "AWS Directory Service": 0.999017199017199, 
    "AWS Elastic Beanstalk": 0.9911547911547911, 
    "AWS Identity and Access Management": 0.9995085995085995, 
    "AWS Key Management Service": 0.999017199017199, 
    "AWS Lambda": 0.9975429975429976, 
    "AWS Management Console": 0.9931203931203931, 
    "AWS OpsWorks": 0.9975429975429976, 
    "AWS Storage Gateway": 0.9980343980343981, 
    "Amazon API Gateway": 0.9995085995085995, 
    "Amazon AppStream": 0.999017199017199, 
    "Amazon CloudFront": 0.9926289926289926, 
    "Amazon CloudSearch": 0.9960687960687961, 
    "Amazon CloudWatch": 0.9832923832923833, 
    "Amazon Cognito": 0.999017199017199, 
    "Amazon DynamoDB": 0.9975429975429976, 
    "Amazon EC2 Container Service": 0.9995085995085995, 
    "Amazon ElastiCache": 0.9945945945945946, 
    "Amazon Elastic Compute Cloud": 0.9351351351351351, 
    "Amazon Elastic Load Balancing": 0.9877149877149877, 
    "Amazon Elastic MapReduce": 0.9931203931203931, 
    "Amazon Elastic Transcoder": 0.9995085995085995, 
    "Amazon Flexible Payments Service": 0.9955773955773956, 
    "Amazon Glacier": 0.9995085995085995, 
    "Amazon Kinesis": 0.9965601965601966, 
    "Amazon Machine Learning": 0.9995085995085995, 
    "Amazon Mechanical Turk": 0.995085995085995, 
    "Amazon Mobile Analytics": 0.9995085995085995, 
    "Amazon Redshift": 0.9980343980343981, 
    "Amazon Relational Database Service": 0.9882063882063882, 
    "Amazon Route 53": 0.9916461916461916, 
    "Amazon Route 53 Private DNS": 0.9985257985257985, 
    "Amazon Simple Email Service": 0.9921375921375921, 
    "Amazon Simple Notification Service": 0.9936117936117936, 
    "Amazon Simple Queue Service": 0.9931203931203931, 
    "Amazon Simple Storage Service": 0.9906633906633907, 
    "Amazon Simple Workflow Service": 0.9975429975429976, 
    "Amazon SimpleDB": 0.9965601965601966, 
    "Amazon Virtual Private Cloud": 0.9901719901719902, 
    "Amazon WorkDocs": 0.9995085995085995, 
    "Amazon WorkSpaces": 0.9970515970515971, 
    "Amazon Zocalo": 0.9995085995085995, 
    "Auto Scaling": 0.9965601965601966
}