{
    "AWS CloudFormation (Ireland)": 0.9985257985257985, 
    "AWS CloudFormation (N. California)": 0.999017199017199, 
    "AWS CloudFormation (N. Virginia)": 0.9980343980343981, 
    "AWS CloudFormation (Oregon)": 0.999017199017199, 
    "AWS CloudFormation (Sao Paulo)": 0.9980343980343981, 
    "AWS CloudFormation (Singapore)": 0.9995085995085995, 
    "AWS CloudFormation (Sydney)": 0.999017199017199, 
    "AWS CloudHSM (N. Virginia)": 0.999017199017199, 
    "AWS CloudTrail (N. Virginia)": 0.9985257985257985, 
    "AWS CodeCommit (N. Virginia)": 0.9995085995085995, 
    "AWS CodeDeploy (N. Virginia)": 0.999017199017199, 
    "AWS CodePipeline (N. Virginia)": 0.9995085995085995, 
    "AWS Config (N. Virginia)": 0.9985257985257985, 
    "AWS Data Pipeline (N. Virginia)": 0.999017199017199, 
    "AWS Direct Connect (Sao Paulo)": 0.9995085995085995, 
    "AWS Directory Service (N. Virginia)": 0.999017199017199, 
    "AWS Elastic Beanstalk": 0.999017199017199, 
    "AWS Elastic Beanstalk (Frankfurt)": 0.9995085995085995, 
    "AWS Elastic Beanstalk (Ireland)": 0.9995085995085995, 
    "AWS Elastic Beanstalk (N. California)": 0.9995085995085995, 
    "AWS Elastic Beanstalk (N. Virginia)": 0.995085995085995, 
    "AWS Elastic Beanstalk (Oregon)": 0.9985257985257985, 
    "AWS Elastic Beanstalk (Sao Paulo)": 0.9980343980343981, 
    "AWS Elastic Beanstalk (Singapore)": 0.999017199017199, 
    "AWS Elastic Beanstalk (Sydney)": 0.9995085995085995, 
    "AWS Elastic Beanstalk (Tokyo)": 0.9995085995085995, 
    "AWS Identity and Access Management (N. Virginia)": 0.9995085995085995, 
    "AWS Key Management Service (N. Virginia)": 0.999017199017199, 
    "AWS Lambda (Ireland)": 0.9995085995085995, 
    "AWS Lambda (N. Virginia)": 0.9980343980343981, 
    "AWS Management Console": 0.9931203931203931, 
    "AWS OpsWorks (N. Virginia)": 0.9975429975429976, 
    "AWS Storage Gateway (N. Virginia)": 0.9995085995085995, 
    "AWS Storage Gateway (Sao Paulo)": 0.9995085995085995, 
    "AWS Storage Gateway (Singapore)": 0.9995085995085995, 
    "AWS Storage Gateway (Sydney)": 0.9995085995085995, 
    "Amazon API Gateway (N. Virginia)": 0.9995085995085995, 
    "Amazon AppStream (N. Virginia)": 0.999017199017199, 
    "Amazon CloudFront": 0.9926289926289926, 
    "Amazon CloudSearch (Ireland)": 0.9995085995085995, 
    "Amazon CloudSearch (N. Virginia)": 0.9970515970515971, 
    "Amazon CloudSearch (Sao Paulo)": 0.9995085995085995, 
    "Amazon CloudWatch (Ireland)": 0.9965601965601966, 
    "Amazon CloudWatch (N. California)": 0.9980343980343981, 
    "Amazon CloudWatch (N. Virginia)": 0.9941031941031941, 
    "Amazon CloudWatch (Oregon)": 0.9975429975429976, 
    "Amazon CloudWatch (Sao Paulo)": 0.9980343980343981, 
    "Amazon CloudWatch (Singapore)": 0.999017199017199, 
    "Amazon Cognito (N. Virginia)": 0.999017199017199, 
    "Amazon DynamoDB (N. Virginia)": 0.9980343980343981, 
    "Amazon DynamoDB (Sao Paulo)": 0.9995085995085995, 
    "Amazon EC2 Container Service (N. Virginia)": 0.9995085995085995, 
    "Amazon ElastiCache (N. California)": 0.9995085995085995, 
    "Amazon ElastiCache (N. Virginia)": 0.9980343980343981, 
    "Amazon ElastiCache (Oregon)": 0.9995085995085995, 
    "Amazon ElastiCache (Sao Paulo)": 0.9980343980343981, 
    "Amazon ElastiCache (Singapore)": 0.9995085995085995, 
    "Amazon Elastic Compute Cloud (Frankfurt)": 0.999017199017199, 
    "Amazon Elastic Compute Cloud (GovCloud)": 0.9975429975429976, 
    "Amazon Elastic Compute Cloud (Ireland)": 0.9896805896805897, 
    "Amazon Elastic Compute Cloud (N. California)": 0.9936117936117936, 
    "Amazon Elastic Compute Cloud (N. Virginia)": 0.9705159705159705, 
    "Amazon Elastic Compute Cloud (Oregon)": 0.9936117936117936, 
    "Amazon Elastic Compute Cloud (Sao Paulo)": 0.9921375921375921, 
    "Amazon Elastic Compute Cloud (Singapore)": 0.9975429975429976, 
    "Amazon Elastic Compute Cloud (Sydney)": 0.9985257985257985, 
    "Amazon Elastic Compute Cloud (Tokyo)": 0.9955773955773956, 
    "Amazon Elastic Compute Cloud (US - N. California)": 0.9995085995085995, 
    "Amazon Elastic Compute Cloud (US - N. Virginia)": 0.999017199017199, 
    "Amazon Elastic Compute Cloud (US)": 0.999017199017199, 
    "Amazon Elastic Load Balancing (Ireland)": 0.999017199017199, 
    "Amazon Elastic Load Balancing (N. Virginia)": 0.9926289926289926, 
    "Amazon Elastic Load Balancing (Oregon)": 0.9985257985257985, 
    "Amazon Elastic Load Balancing (Sao Paulo)": 0.9985257985257985, 
    "Amazon Elastic Load Balancing (Sydney)": 0.999017199017199, 
    "Amazon Elastic Load Balancing (Tokyo)": 0.9995085995085995, 
    "Amazon Elastic MapReduce": 0.9995085995085995, 
    "Amazon Elastic MapReduce (N. California)": 0.9995085995085995, 
    "Amazon Elastic MapReduce (N. Virginia)": 0.9980343980343981, 
    "Amazon Elastic MapReduce (Oregon)": 0.9985257985257985, 
    "Amazon Elastic MapReduce (Sao Paulo)": 0.9985257985257985, 
    "Amazon Elastic MapReduce (Sydney)": 0.9995085995085995, 
    "Amazon Elastic MapReduce (Tokyo)": 0.9995085995085995, 
    "Amazon Elastic Transcoder (N. Virginia)": 0.9995085995085995, 
    "Amazon Flexible Payments Service": 0.9955773955773956, 
    "Amazon Glacier (N. Virginia)": 0.9995085995085995, 
    "Amazon Kinesis (Ireland)": 0.9995085995085995, 
    "Amazon Kinesis (N. Virginia)": 0.9980343980343981, 
    "Amazon Kinesis (Oregon)": 0.9995085995085995, 
    "Amazon Kinesis (Singapore)": 0.9995085995085995, 
    "Amazon Machine Learning (N. Virginia)": 0.9995085995085995, 
    "Amazon Mechanical Turk (Requester)": 0.9970515970515971, 
    "Amazon Mechanical Turk (Worker)": 0.9960687960687961, 
    "Amazon Mobile Analytics (N. Virginia)": 0.9995085995085995, 
    "Amazon Redshift (N. Virginia)": 0.9985257985257985, 
    "Amazon Redshift (Oregon)": 0.9995085995085995, 
    "Amazon Relational Database Service (GovCloud)": 0.9995085995085995, 
    "Amazon Relational Database Service (Ireland)": 0.9965601965601966, 
    "Amazon Relational Database Service (N. California)": 0.999017199017199, 
    "Amazon Relational Database Service (N. Virginia)": 0.9955773955773956, 
    "Amazon Relational Database Service (Oregon)": 0.9985257985257985, 
    "Amazon Relational Database Service (Sao Paulo)": 0.9980343980343981, 
    "Amazon Route 53": 0.9916461916461916, 
    "Amazon Route 53 Private DNS (Ireland)": 0.9995085995085995, 
    "Amazon Route 53 Private DNS (N. California)": 0.9995085995085995, 
    "Amazon Route 53 Private DNS (N. Virginia)": 0.9985257985257985, 
    "Amazon Route 53 Private DNS (Oregon)": 0.9995085995085995, 
    "Amazon Route 53 Private DNS (Sao Paulo)": 0.9995085995085995, 
    "Amazon Route 53 Private DNS (Singapore)": 0.9995085995085995, 
    "Amazon Route 53 Private DNS (Sydney)": 0.9995085995085995, 
    "Amazon Route 53 Private DNS (Tokyo)": 0.9995085995085995, 
    "Amazon Simple Email Service (Ireland)": 0.9995085995085995, 
    "Amazon Simple Email Service (N. Virginia)": 0.9931203931203931, 
    "Amazon Simple Email Service (Oregon)": 0.9995085995085995, 
    "Amazon Simple Notification Service (Ireland)": 0.9995085995085995, 
    "Amazon Simple Notification Service (N. California)": 0.9985257985257985, 
    "Amazon Simple Notification Service (N. Virginia)": 0.9980343980343981, 
    "Amazon Simple Notification Service (Oregon)": 0.9995085995085995, 
    "Amazon Simple Notification Service (Sao Paulo)": 0.9985257985257985, 
    "Amazon Simple Notification Service (Singapore)": 0.9995085995085995, 
    "Amazon Simple Queue Service": 0.9995085995085995, 
    "Amazon Simple Queue Service (Ireland)": 0.9995085995085995, 
    "Amazon Simple Queue Service (N. California)": 0.999017199017199, 
    "Amazon Simple Queue Service (N. Virginia)": 0.9975429975429976, 
    "Amazon Simple Queue Service (Oregon)": 0.9995085995085995, 
    "Amazon Simple Queue Service (Sao Paulo)": 0.9985257985257985,